<?xml version="1.0" encoding="UTF-8"?>
<jcr:root xmlns:sling="http://sling.apache.org/jcr/sling/1.0" xmlns:granite="http://www.adobe.com/jcr/granite/1.0" xmlns:cq="http://www.day.com/jcr/cq/1.0" xmlns:jcr="http://www.jcp.org/jcr/1.0" xmlns:nt="http://www.jcp.org/jcr/nt/1.0"
    cq:showOnCreate="{Boolean}true"
    jcr:primaryType="nt:unstructured"
    jcr:title="Navigation Menu"
    sling:resourceType="granite/ui/components/coral/foundation/fixedcolumns">
    <items jcr:primaryType="nt:unstructured">
        <column
            jcr:primaryType="nt:unstructured"
            sling:resourceType="granite/ui/components/coral/foundation/container">
            <items jcr:primaryType="nt:unstructured">
            	<megaMenuProperties
                    jcr:primaryType="nt:unstructured"
                    jcr:title="Control Navigation"
                    sling:resourceType="granite/ui/components/coral/foundation/form/fieldset">
                    <items jcr:primaryType="nt:unstructured">
						<hideNavigation
								jcr:primaryType="nt:unstructured"
								sling:resourceType="granite/ui/components/foundation/form/checkbox"
								text="Hide Navigation"
								name="./hideNavigation"
								uncheckedValue="{Boolean}false"
								value="{Boolean}true"
								cq:showOnCreate="{Boolean}true"/>
						<hideAllSubpageInNavigation
								jcr:primaryType="nt:unstructured"
								sling:resourceType="granite/ui/components/foundation/form/checkbox"
								text="Hide all subpages"
								name="./hideAllSubpageInNavigation"
								uncheckedValue="{Boolean}false"
								value="{Boolean}true"
								cq:showOnCreate="{Boolean}true"/>
                    </items>
                </megaMenuProperties>
            </items>
        </column>
    </items>
</jcr:root>
